id,short_name,long_name,overall,age,dob,height_cm,weight_kg,my_team
0,L. Messi,Lionel Andrés Messi Cuccittini,93,34,1987-06-24,170,72,false
1,R. Lewandowski,Robert Lewandowski,92,32,1988-08-21,185,81,false
2,Cristiano Ronaldo,Cristiano Ronaldo dos Santos Aveiro,91,36,1985-02-05,187,83,false
3,Neymar Jr,Neymar da Silva Santos Júnior,91,29,1992-02-05,175,68,false
4,K. De Bruyne,Kevin De Bruyne,91,30,1991-06-28,181,70,false
5,J. Oblak,Jan Oblak,91,28,1993-01-07,188,87,false
6,K. Mbappé,Kylian Mbappé Lottin,91,22,1998-12-20,182,73,false
7,M. Neuer,Manuel Peter Neuer,90,35,1986-03-27,193,93,false
8,M. ter Stegen,Marc-André ter Stegen,90,29,1992-04-30,187,85,false
9,H. Kane,Harry Kane,90,27,1993-07-28,188,89,false
10,N. Kanté,N'Golo Kanté,90,30,1991-03-29,168,70,false
11,S. Mané,Sadio Mané,89,29,1992-04-10,175,69,false
12,G. Donnarumma,Gianluigi Donnarumma,89,22,1999-02-25,196,90,false
13,Alisson,Alisson Ramsés Becker,89,28,1992-10-02,191,91,false
14,Ederson,Ederson Santana de Moraes,89,27,1993-08-17,188,86,false
15,M. Salah,Mohamed Salah Ghaly,89,29,1992-06-15,175,71,false
16,J. Kimmich,Joshua Walter Kimmich,89,26,1995-02-08,177,75,false
17,V. van Dijk,Virgil van Dijk,89,29,1991-07-08,193,92,false
18,K. Benzema,Karim Benzema,89,33,1987-12-19,185,81,false
19,H. Son,손흥민 孙兴慜,89,28,1992-07-08,183,78,false
20,T. Courtois,Thibaut Courtois,89,29,1992-05-11,199,96,false
21,Casemiro,Carlos Henrique Venancio Casimiro,89,29,1992-02-23,185,84,false
22,E. Haaland,Erling Braut Haaland,88,20,2000-07-21,194,94,false
23,Bruno Fernandes,Bruno Miguel Borges Fernandes,88,26,1994-09-08,179,69,false
24,R. Lukaku,Romelu Lukaku Menama,88,28,1993-05-13,191,94,false
25,T. Kroos,Toni Kroos,88,31,1990-01-04,183,76,false
26,L. Suárez,Luis Alberto Suárez Díaz,88,34,1987-01-24,182,83,false
27,Sergio Ramos,Sergio Ramos García,88,35,1986-03-30,184,82,false
28,M. Verratti,Marco Verratti,87,28,1992-11-05,165,60,false
29,Rúben Dias,Rúben dos Santos Gato Alves Dias,87,24,1997-05-14,187,82,false
30,J. Sancho,Jadon Sancho,87,21,2000-03-25,180,76,false
31,T. Alexander-Arnold,Trent Alexander-Arnold,87,22,1998-10-07,180,69,false
32,F. de Jong,Frenkie de Jong,87,24,1997-05-12,180,74,false
33,A. Robertson,Andrew Robertson,87,27,1994-03-11,178,64,false
34,L. Goretzka,Leon Christoph Goretzka,87,26,1995-02-06,189,82,false
35,Marquinhos,Marcos Aoás Corrêa,87,27,1994-05-14,183,75,false
36,P. Dybala,Paulo Bruno Exequiel Dybala,87,27,1993-11-15,177,75,false
37,P. Pogba,Paul Pogba,87,28,1993-03-15,191,84,false
38,S. Agüero,Sergio Leonel Agüero del Castillo,87,33,1988-06-02,173,70,false
39,T. Müller,Thomas Müller,87,31,1989-09-13,185,76,false
40,W. Szczęsny,Wojciech Tomasz Szczęsny,87,31,1990-04-18,195,90,false
41,L. Modrić,Luka Modrić,87,35,1985-09-09,172,66,false
42,H. Lloris,Hugo Lloris,87,34,1986-12-26,188,82,false
43,C. Immobile,Ciro Immobile,87,31,1990-02-20,185,85,false
44,Fabinho,Fábio Henrique Tavares,86,27,1993-10-23,188,78,false
45,João Cancelo,João Pedro Cavaco Cancelo,86,27,1994-05-27,182,74,false
46,A. Laporte,Aymeric Laporte,86,27,1994-05-27,191,85,false
47,Rodri,Rodrigo Hernández Cascante,86,25,1996-06-22,191,82,false
48,Marcos Llorente,Marcos Llorente Moreno,86,26,1995-01-30,184,74,false
49,R. Mahrez,Riyad Mahrez,86,30,1991-02-21,179,67,false
50,M. Škriniar,Milan Škriniar,86,26,1995-02-11,188,80,false
51,Gerard Moreno,Gerard Moreno Balagueró,86,29,1992-04-07,180,77,false
52,J. Vardy,Jamie Vardy,86,34,1987-01-11,179,74,false
53,R. Varane,Raphaël Varane,86,28,1993-04-25,191,81,false
54,Thiago,Thiago Alcântara do Nascimento,86,30,1991-04-11,174,70,false
55,K. Koulibaly,Kalidou Koulibaly,86,30,1991-06-20,187,89,false
56,S. Handanovič,Samir Handanovič,86,36,1984-07-14,193,92,false
57,Jordi Alba,Jordi Alba Ramos,86,32,1989-03-21,170,68,false
58,M. Hummels,Mats Hummels,86,32,1988-12-16,191,96,false
59,Sergio Busquets,Sergio Busquets i Burgos,86,32,1988-07-16,189,76,false
60,Parejo,Daniel Parejo Muñoz,86,32,1989-04-16,182,74,false
61,K. Casteels,Koen Casteels,86,29,1992-06-25,197,86,false
62,L. Insigne,Lorenzo Insigne,86,30,1991-06-04,163,59,false
63,W. Ndidi,Onyinye Wilfred Ndidi,85,24,1996-12-16,183,74,false
64,M. Depay,Memphis Depay,85,27,1994-02-13,176,78,false
65,Carvajal,Daniel Carvajal Ramos,85,29,1992-01-11,173,73,false
66,Jorginho,Luiz Frello Filho Jorge,85,29,1991-12-20,180,68,false
67,S. Gnabry,Serge David Gnabry,85,25,1995-07-14,176,77,false
68,S. Milinković-Savić,Sergej Milinković-Savić,85,26,1995-02-27,191,76,false
69,M. de Ligt,Matthijs de Ligt,85,21,1999-08-12,189,89,false
70,Oyarzabal,Mikel Oyarzabal Ugarte,85,24,1997-04-21,181,79,false
71,L. Martínez,Lautaro Javier Martínez,85,23,1997-08-22,174,72,false
72,A. Hakimi,Achraf Hakimi Mouh,85,22,1998-11-04,181,73,false
73,A. Griezmann,Antoine Griezmann,85,30,1991-03-21,176,73,false
74,Roberto Firmino,Roberto Firmino Barbosa de Oliveira,85,29,1991-10-02,181,76,false
75,S. de Vrij,Stefan de Vrij,85,29,1992-02-05,189,78,false
76,Koke,Jorge Resurrección Merodio,85,29,1992-01-08,176,75,false
77,E. Hazard,Eden Hazard,85,30,1991-01-07,175,74,false
78,A. Gómez,Alejandro Darío Gómez,85,33,1988-02-15,167,68,false
79,K. Schmeichel,Kasper Peter Schmeichel,85,34,1986-11-05,189,89,false
80,David Silva,David Josué Jiménez Silva,85,35,1986-01-08,173,67,false
81,Y. Sommer,Yann Sommer,85,32,1988-12-17,183,79,false
82,L. Bonucci,Leonardo Bonucci,85,34,1987-05-01,190,85,false
83,P. Gulácsi,Péter Gulácsi,85,31,1990-05-06,191,86,false
84,İ. Gündoğan,İlkay Gündoğan,85,30,1990-10-24,180,80,false
85,M. Reus,Marco Reus,85,32,1989-05-31,180,71,false
86,K. Walker,Kyle Walker,85,31,1990-05-28,183,83,false
87,P. Aubameyang,Pierre-Emerick Emiliano François Aubameyang,85,32,1989-06-18,187,80,false
88,J. Giménez,José María Giménez de Vargas,84,26,1995-01-20,185,79,false
89,Y. Carrasco,Yannick Ferreira Carrasco,84,27,1993-09-04,185,73,false
90,F. Kostić,Filip Kostić,84,28,1992-11-01,184,82,false
91,R. Guerreiro,Raphaël Adelino José Guerreiro,84,27,1993-12-22,170,71,false
92,Ricardo Pereira,Ricardo Domingos Barbosa Pereira,84,27,1993-10-06,175,70,false
93,M. Maignan,Mike Maignan,84,25,1995-07-03,191,89,false
94,M. Brozović,Marcelo Brozović,84,28,1992-11-16,181,68,false
95,Y. Tielemans,Youri Tielemans,84,24,1997-05-07,176,72,false
96,T. Hernández,Theo Bernard François Hernández,84,23,1997-10-06,184,81,false
97,N. Fekir,Nabil Fekir,84,27,1993-07-18,173,75,false
98,L. Sané,Leroy Aziz Sané,84,25,1996-01-11,183,80,false
99,N. Barella,Nicolò Barella,84,24,1997-02-07,172,68,false
100,M. Acuña,Marcos Javier Acuña,84,29,1991-10-28,172,69,false
101,André Silva,André Miguel Valente da Silva,84,25,1995-11-06,185,84,false
102,F. Kessié,Franck Yannick Kessié,84,24,1996-12-19,183,88,false
103,J. Grealish,Jack Grealish,84,25,1995-09-10,180,81,false
104,M. Ginter,Matthias Ginter,84,27,1994-01-19,191,86,false
105,L. Shaw,Luke Shaw,84,25,1995-07-12,181,75,false
106,De Gea,David De Gea Quintana,84,30,1990-11-07,192,82,false
107,Jesús Navas,Jesús Navas González,84,35,1985-11-21,172,60,false
108,Piqué,Gerard Piqué Bernabéu,84,34,1987-02-02,194,85,false
109,J. Henderson,Jordan Henderson,84,31,1990-06-17,182,80,false
110,Fernando,Fernando Francisco Reges,84,33,1987-07-25,183,76,false
111,Iago Aspas,Iago Aspas Juncal,84,33,1987-08-01,176,67,false
112,G. Wijnaldum,Georginio Wijnaldum,84,30,1990-11-11,175,74,false
113,D. Alaba,David Olatukunbo Alaba,84,29,1992-06-24,180,78,false
114,D. Tadić,Dušan Tadić,84,32,1988-11-20,181,76,false
115,W. Ben Yedder,Wissam Ben Yedder,84,30,1990-08-12,170,68,false
116,L. Digne,Lucas Digne,84,27,1993-07-20,178,74,false
117,E. Martínez,Damián Emiliano Martínez,84,28,1992-09-02,195,88,false
118,H. Maguire,Harry Maguire,84,28,1993-03-05,194,100,false
119,Luis Alberto,Luis Alberto Romero Alconchel,84,28,1992-09-28,183,74,false
120,S. Savić,Stefan Savić,84,30,1991-01-08,187,80,false
121,D. Zapata,Duván Esteban Zapata Banguera,83,30,1991-04-01,189,88,false
122,W. Weghorst,Wout Weghorst,83,28,1992-08-07,197,84,false
123,Angeliño,José Ángel Esmoris Tasende,83,24,1997-01-04,175,69,false
124,A. Kramarić,Andrej Kramarić,83,30,1991-06-19,177,73,false
125,Gayà,José Luís Gayà Peña,83,26,1995-05-25,172,66,false
126,P. Højbjerg,Pierre-Emile Kordt Højbjerg,83,25,1995-08-05,185,84,false
127,T. Lemar,Thomas Lemar,83,25,1995-11-12,171,66,false
128,T. Partey,Thomas Partey,83,28,1993-06-13,185,77,false
129,Merino,Mikel Merino Zazón,83,25,1996-06-22,189,83,false
130,R. Gosens,Robin Everardus Gosens,83,26,1994-07-05,183,76,false
131,F. Chiesa,Federico Chiesa,83,23,1997-10-25,175,70,false
132,A. Wan-Bissaka,Aaron Wan-Bissaka,83,23,1997-11-26,183,72,false
133,Ronaldo Cabrais,Ronaldo Jailson Cabrais Petri,83,29,1992-02-29,177,75,false
134,O. Dembélé,Ousmane Dembélé,83,24,1997-05-15,178,67,false
135,M. Mount,Mason Mount,83,22,1999-01-10,178,70,false
136,É. Mendy,Édouard Mendy,83,29,1992-03-01,197,86,false
137,A. Rüdiger,Antonio Rüdiger,83,28,1993-03-03,190,85,false
138,L. Ocampos,Lucas Ariel Ocampos,83,26,1994-07-11,188,84,false
139,R. Jiménez,Raúl Alonso Jiménez Rodríguez,83,30,1991-05-05,188,81,false
140,J. Pickford,Jordan Pickford,83,27,1994-03-07,185,77,false
141,B. Leno,Bernd Leno,83,29,1992-03-04,190,83,false
142,C. Vela,Carlos Alberto Vela Garrido,83,32,1989-03-01,177,77,false
143,S. Kjær,Simon Thorup Kjær,83,32,1989-03-26,190,86,false
144,Azpilicueta,César Azpilicueta Tanco,83,31,1989-08-28,178,77,false
145,Paulinho,José Paulo Bezzera Maciel Júnior,83,32,1988-07-25,183,80,false
146,Muniain,Iker Muniain Goñi,83,28,1992-12-19,170,66,false
147,Canales,Sergio Canales Madrazo,83,30,1991-02-16,176,65,false
148,L. Hrádecký,Lukáš Hrádecký,83,31,1989-11-24,192,83,false
149,Alex Sandro,Alex Sandro Lobo Silva,83,30,1991-01-26,180,80,false
150,E. Džeko,Edin Džeko,83,35,1986-03-17,193,80,false
151,K. Manolas,Konstantinos Manolas,83,30,1991-06-14,189,83,false
152,K. Volland,Kevin Volland,83,28,1992-07-30,179,85,false
153,H. Mkhitaryan,Henrikh Mkhitaryan,83,32,1989-01-21,177,75,false
154,N. Pope,Nick Pope,83,29,1992-04-19,199,76,false
155,Morata,Álvaro Borja Morata Martín,83,28,1992-10-23,190,84,false
156,Allan,Allan Marques Loureiro,83,30,1991-01-08,175,74,false
157,F. Acerbi,Francesco Acerbi,83,33,1988-02-10,192,88,false
158,S. Coates,Sebastián Coates Nión,83,30,1990-10-07,196,92,false
159,J. Matip,Joël Andre Job Matip,83,29,1991-08-08,194,90,false
160,J. Cuadrado,Juan Guillermo Cuadrado Bello,83,33,1988-05-26,179,72,false
161,J. Maddison,James Maddison,82,24,1996-11-23,175,73,false
162,Palhinha,João Maria Lobo Alves Palhinha Gonçalves,82,25,1995-07-09,190,82,false
163,C. Pulisic,Christian Mate Pulisic,82,22,1998-09-18,177,69,false
164,Fabián,Fabián Ruiz Peña,82,25,1996-04-03,189,70,false
165,Rúben Neves,Rúben Diogo da Silva Neves,82,24,1997-03-13,180,80,false
166,M. Ødegaard,Martin Ødegaard,82,22,1998-12-17,178,68,false
167,A. Rebić,Ante Rebić,82,27,1993-09-21,185,78,false
168,Diego Carlos,Diego Carlos Santos Silva,82,28,1993-03-15,185,86,false
169,Rafa,Rafael Alexandre Fernandes Ferreira da Silva,82,28,1993-05-17,170,63,false
170,Anderson Talisca,Anderson Souza Conceição,82,27,1994-02-01,190,80,false
171,N. Süle,Niklas Süle,82,25,1995-09-03,195,99,false
172,Mario Hermoso,Mario Hermoso Canseco,82,26,1995-06-18,185,76,false
173,T. Souček,Tomáš Souček,82,26,1995-02-27,192,86,false
174,F. Neuhaus,Florian Christian Neuhaus,82,24,1997-03-16,185,74,false
175,D. Livaković,Dominik Livaković,82,26,1995-01-09,187,79,false
176,Ferran Torres,Ferran Torres García,82,21,2000-02-29,184,77,false
177,D. Berardi,Domenico Berardi,82,26,1994-08-01,183,72,false
178,Y. En-Nesyri,Youssef En-Nesyri,82,24,1997-06-01,188,78,false
179,A. Davies,Alphonso Boyle Davies,82,20,2000-11-02,183,75,false
180,Raphaelinho Anjos,Raphael William Anjos Rochedo,82,33,1988-02-29,190,85,false
181,D. Rice,Declan Rice,82,22,1999-01-14,185,80,false
182,A. Isak,Alexander Isak,82,21,1999-09-21,192,77,false
183,Raphinha,Raphael Dias Belloli,82,24,1996-12-14,176,68,false
184,Richarlison,Richarlison de Andrade,82,24,1997-05-10,181,71,false
185,Unai Simón,Unai Simón Mendibil,82,24,1997-06-11,190,89,false
186,M. Locatelli,Manuel Locatelli,82,23,1998-01-08,185,75,false
187,I. Gueye,Idrissa Gana Gueye,82,31,1989-09-26,174,66,false
188,M. Götze,Mario Götze,82,29,1992-06-03,177,71,false
189,D. Blind,Daley Blind,82,31,1990-03-09,180,72,false
190,K. Trapp,Kevin Trapp,82,30,1990-07-08,189,88,false
191,Oscar,Oscar dos Santos Emboaba Júnior,82,29,1991-09-09,179,70,false
192,L. Stindl,Lars Edi Stindl,82,32,1988-08-26,181,80,false
193,M. Pjanić,Miralem Pjanić,82,31,1990-04-02,178,72,false
194,É. Banega,Éver Maximiliano David Banega,82,33,1988-06-29,174,75,false
195,Rui Patrício,Rui Pedro dos Santos Patrício,82,33,1988-02-15,190,84,false
196,G. Bale,Gareth Frank Bale,82,31,1989-07-16,185,82,false
197,S. Sirigu,Salvatore Sirigu,82,34,1987-01-12,192,85,false
198,Ł. Fabiański,Łukasz Fabiański,82,36,1985-04-18,190,83,false
199,Raúl Albiol,Raúl Albiol Tortajada,82,35,1985-09-04,190,82,false
200,Pepe,Kléper Laveran de Lima Ferreira,82,38,1983-02-26,188,80,false
201,Grimaldo,Alejandro Grimaldo García,82,25,1995-09-20,171,69,false
202,Mário Fernandes,Mário Figueira Fernandes,82,30,1990-09-19,187,80,false
203,Suso,Jesús Joaquín Fernández Sáez de la Torre,82,27,1993-11-19,176,70,false
204,Y. Bounou,Yassine Bounou,82,30,1991-04-05,192,78,false
205,O. Baumann,Oliver Baumann,82,31,1990-06-02,187,82,false
206,M. de Roon,Marten Elco de Roon,82,30,1991-03-29,185,76,false
207,H. Çalhanoğlu,Hakan Çalhanoğlu,82,27,1994-02-08,178,76,false
208,Juan Bernat,Juan Bernat Velasco,82,28,1993-03-01,170,67,false
209,J. Veretout,Jordan Veretout,82,28,1993-03-01,177,67,false
210,Gabriel Paulista,Gabriel Armando de Abreu,82,30,1990-11-26,185,72,false
211,Campaña,José Ángel Gómez Campaña,82,28,1993-05-31,179,70,false
212,A. Lopes,Anthony Lopes,82,30,1990-10-01,184,81,false
213,W. Zaha,Wilfried Zaha,82,28,1992-11-10,180,66,false
214,K. Laimer,Konrad Laimer,81,24,1997-05-27,180,72,false
215,D. Calvert-Lewin,Dominic Calvert-Lewin,81,24,1997-03-16,187,71,false
216,K. Phillips,Kalvin Phillips,81,25,1995-12-02,178,72,false
217,David Soria,David Soria Solís,81,28,1993-04-04,192,85,false
218,N. Pépé,Nicolas Pépé,81,26,1995-05-29,183,73,false
219,Gonçalo Guedes,Gonçalo Manuel Ganchinho Guedes,81,24,1996-11-29,179,68,false
220,Morales,José Luis Morales Nogales,81,33,1987-07-23,180,70,false
221,D. Djené,Djené Dakonam Ortega,81,29,1991-12-31,178,72,false
222,D. Machís,Darwin Daniel Machís Marcano,81,28,1993-02-07,174,74,false
223,M. Politano,Matteo Politano,81,27,1993-08-03,171,67,false
224,Iñaki Williams,Iñaki Williams Arthuer,81,27,1994-06-15,186,80,false
225,O. Vlachodimos,Odisseas Vlachodimos,81,27,1994-04-26,191,78,false
226,Otávio,Otávio Edmilson da Silva Monteiro,81,26,1995-02-09,172,71,false
227,P. Zieliński,Piotr Sebastian Zieliński,81,27,1994-05-20,180,75,false
228,Rui Silva,Rui Tiago Dantas da Silva,81,27,1994-02-07,191,91,false
229,N. Mukiele,Nordi Mukiele Mulere,81,23,1997-11-01,187,84,false
230,Reguilón,Sergio Reguilón Rodríguez,81,24,1996-12-16,178,68,false
231,Álex Remiro,Alejandro Remiro Gargallo,81,26,1995-03-24,191,83,false
232,Yeray,Yeray Álvarez López,81,26,1995-01-24,182,79,false
233,Fred,Frederico Rodrigues de Paula Santos,81,28,1993-03-05,169,62,false
234,Pedri,Pedro González López,81,18,2002-11-25,174,61,false
235,E. Tapsoba,Edmond Fayçal Tapsoba,81,22,1999-02-02,194,85,false
236,M. Diaby,Moussa Diaby,81,21,1999-07-07,170,68,false
237,Pedro Gonçalves,Pedro António Pereira Gonçalves,81,23,1998-06-28,173,65,false
238,R. James,Reece James,81,21,1999-12-08,178,87,false
239,M. Lazzari,Manuel Lazzari,81,27,1993-11-29,174,67,false
240,H. Aouar,Houssem Aouar,81,23,1998-06-30,175,70,false
241,H. Barnes,Harvey Lewis Barnes,81,23,1997-12-09,180,66,false
242,Carlos Soler,Carlos Soler Barragán,81,24,1997-01-02,180,76,false
243,Lucas Paquetá,Lucas Tolentino Coelho de Lima,81,23,1997-08-27,180,72,false
244,C. Nkunku,Christopher Nkunku,81,23,1997-11-14,179,72,false
245,R. Malinovskyi,Ruslan Malinovskyi,81,28,1993-05-04,181,79,false
246,Oswaldinato,Marvin Oswaldo Rangel Azevedo,81,29,1992-02-29,184,79,false
247,Louri Beretta,Lourival Adnan Beretta Barbosa,81,29,1992-02-29,188,83,false
248,Rosberto Dourado,Rosberto J. Dourado Santos,81,21,2000-02-29,175,70,false
249,Juiano Mestres,Juan Everton Mestres de Mesquita,81,25,1996-02-29,181,82,false
250,L. Pellegrini,Lorenzo Pellegrini,81,25,1996-06-19,186,77,false
251,José Fonte,José Miguel da Rocha Fonte,81,37,1983-12-22,191,84,false
252,Jonathan Viera,Jonathan Viera Ramos,81,31,1989-10-01,171,67,false
253,D. Ings,Daniel William John Ings,81,28,1992-07-23,178,73,false
254,K. Kampl,Kevin Kampl,81,30,1990-10-09,178,66,false
255,Aitor,Aitor Fernández Abarisketa,81,30,1991-05-03,182,78,false
256,N. Otamendi,Nicolás Hernán Gonzalo Otamendi,81,33,1988-02-12,183,76,false
257,B. André,Benjamin André,81,30,1990-08-03,180,74,false
258,Marlos,Marlos Romero Bonfim,81,33,1988-06-07,174,76,false
259,M. Arnautović,Marko Arnautović,81,32,1989-04-19,192,83,false
260,M. Kruse,Max Bennet Kruse,81,33,1988-03-19,180,76,false
261,I. Perišić,Ivan Perišić,81,32,1989-02-02,186,80,false
262,Lucas Leiva,Lucas Pezzini Leiva,81,34,1987-01-09,179,78,false
263,J. Vertonghen,Jan Vertonghen,81,34,1987-04-24,189,86,false
264,Joaquín,Joaquín Sánchez Rodríguez,81,39,1981-07-21,179,75,false
265,G. Higuaín,Gonzalo Gerardo Higuaín,81,33,1987-12-10,186,89,false
266,S. Mandanda,Steve Mandanda,81,36,1985-03-28,185,82,false
267,A. Gignac,André-Pierre Christian Gignac,81,35,1985-12-05,189,85,false
268,Nani,Luís Carlos Almeida da Cunha,81,34,1986-11-17,177,70,false
269,B. Yılmaz,Burak Yılmaz,81,35,1985-07-15,188,77,false
270,A. Belotti,Andrea Belotti,81,27,1993-12-20,181,84,false
271,Adán,Antonio Adán Garrido,81,34,1987-05-13,190,86,false
272,E. Forsberg,Emil Peter Forsberg,81,29,1991-10-23,177,76,false
273,Danilo,Danilo Luiz da Silva,81,29,1991-07-15,184,78,false
274,A. Januzaj,Adnan Januzaj,81,26,1995-02-05,186,76,false
275,M. Arnold,Maximilian Arnold,81,27,1994-05-27,184,74,false
276,E. Višća,Edin Višća,81,31,1990-02-17,172,63,false
277,J. Ward-Prowse,James Ward-Prowse,81,26,1994-11-01,173,66,false
278,A. Milik,Arkadiusz Krystian Milik,81,27,1994-02-28,186,78,false
279,W. Orban,Vilmos Tamás Orban,81,28,1992-11-03,186,87,false
280,Iñigo Martínez,Íñigo Martínez Berridi,81,30,1991-05-17,182,77,false
281,A. Cragno,Alessio Cragno,81,27,1994-06-28,184,78,false
282,Nacho Fernández,José Ignacio Fernández Iglesias,81,31,1990-01-18,180,76,false
283,J. Tarkowski,James Tarkowski,81,28,1992-11-19,188,81,false
284,A. Marchesín,Agustín Federico Marchesín,81,33,1988-03-16,188,84,false
285,Lucas Moura,Lucas Rodrigues Moura da Silva,81,28,1992-08-13,174,70,false
286,Paco Alcácer,Francisco Alcácer García,81,27,1993-08-30,175,70,false
287,T. Vaclík,Tomáš Vaclík,81,32,1989-03-29,188,85,false
288,J. Rodríguez,Jonathan Javier Rodríguez Portillo,80,27,1993-07-06,177,79,false
289,Joan Jordán,Joan Jordán Moreno,80,26,1994-07-06,183,74,false
290,Borja Iglesias,Borja Iglesias Quintas,80,28,1993-01-17,187,86,false
291,J. Bamba,Jonathan Bamba,80,25,1996-03-26,175,70,false
292,Álex Berenguer,Alejandro Berenguer Remiro,80,25,1995-07-04,175,73,false
293,K. Tierney,Kieran Tierney,80,24,1997-06-05,178,70,false
294,Everton,Éverton Sousa Soares,80,25,1996-03-22,174,72,false
295,A. Christensen,Andreas Bødtker Christensen,80,25,1996-04-10,187,81,false
296,J. Denayer,Jason Denayer,80,26,1995-06-28,184,80,false
297,Embarba,Adrián Embarba Blázquez,80,29,1992-05-07,173,68,false
298,Capa,Ander Capa Rodríguez,80,29,1992-02-08,175,75,false
299,G. Rulli,Gerónimo Rulli,80,29,1992-05-20,189,84,false
300,W. Benítez,Walter Daniel Benítez,80,28,1993-01-19,191,93,false
301,F. Armani,Franco Armani,80,34,1986-10-16,189,88,false
302,João Mário,João Mário Naval da Costa Eduardo,80,28,1993-01-19,179,73,false
303,P. Max,Philipp Martin Max,80,27,1993-09-30,177,77,false
304,Nélson Semedo,Nélson Cabral Semedo,80,27,1993-11-16,177,69,false
305,G. Mancini,Gianluca Mancini,80,25,1996-04-17,190,77,false
306,B. Saka,Bukayo Saka,80,19,2001-09-05,178,65,false
307,V. Coufal,Vladimír Coufal,80,28,1992-08-22,175,76,false
308,V. Tsygankov,Viktor Tsygankov,80,23,1997-11-15,178,72,false
309,Pedro Porro,Pedro Antonio Porro Sauceda,80,21,1999-09-13,176,71,false
310,D. Alli,Bamidele Alli,80,25,1996-04-11,188,80,false
311,L. Díaz,Luis Fernando Díaz Marulanda,80,24,1997-01-13,180,73,false
312,R. Baku,Ridle Bote Baku,80,23,1998-04-08,176,75,false
313,M. Gómez,Maximiliano Gómez González,80,24,1996-08-14,186,84,false
314,A. Bastoni,Alessandro Bastoni,80,22,1999-04-13,190,75,false
315,B. Kamara,Boubacar Bernard Kamara,80,21,1999-11-23,184,68,false
316,J. Pavlenka,Jiří Pavlenka,80,29,1992-04-14,196,81,false
317,N. Mazraoui,Noussair Mazraoui,80,23,1997-11-14,183,62,false
318,X. Schlager,Xaver Schlager,80,23,1997-09-28,174,76,false
319,V. Osimhen,Victor James Osimhen,80,22,1998-12-29,185,78,false
320,D. Malen,Donyell Malen,80,22,1999-01-19,179,78,false
321,Renato Sanches,Renato Júnior Luz Sanches,80,23,1997-08-18,176,70,false
322,Laure Santeiro,Laureano Thomas Santeiro Marre,80,21,2000-02-29,171,63,false
323,Héniton Pires,Héniton Enaldo Pires Tramontino,80,25,1996-02-29,182,74,false
324,Maikel Catarino,Maikel Renan Catarino Fagundes,80,25,1996-02-29,177,75,false
325,E. Pérez,Enzo Nicolás Pérez,80,35,1986-02-22,178,77,false
326,R. Pereyra,Roberto Maximiliano Pereyra,80,30,1991-01-07,182,77,false
327,Guaita,Vicente Guaita Panadero,80,34,1987-01-10,190,80,false
328,José Callejón,José María Callejón Bueno,80,34,1987-02-11,178,73,false
329,A. Ogbonna,Angelo Obinze Ogbonna,80,33,1988-05-23,191,86,false
330,F. Muslera,Néstor Fernando Muslera Micol,80,35,1986-06-16,190,74,false
331,D. Godín,Diego Roberto Godín Leal,80,35,1986-02-16,187,78,false
332,R. Nainggolan,Radja Nainggolan,80,33,1988-05-04,176,65,false
333,Nacho Monreal,Ignacio Monreal Eraso,80,35,1986-02-26,180,77,false
334,D. Payet,Dimitri Payet,80,34,1987-03-29,175,77,false
335,S. Mignolet,Simon Luc Hildebert Mignolet,80,33,1988-03-06,193,87,false
336,D. Wass,Daniel Wass,80,32,1989-05-31,181,74,false
337,M. Hamšík,Marek Hamšík,80,33,1987-07-27,183,73,false
338,Raúl García,Raúl García Escudero,80,34,1986-07-11,184,83,false
339,João Moutinho,João Filipe Iria Santos Moutinho,80,34,1986-09-08,170,61,false
340,I. Akinfeev,Igor Akinfeev,80,35,1986-04-08,186,78,false
341,G. Ochoa,Francisco Guillermo Ochoa Magaña,80,35,1985-07-13,190,85,false
342,G. Buffon,Gianluigi Buffon,80,43,1978-01-28,192,92,false
343,Pacheco,Fernando Pacheco Flores,80,29,1992-05-18,186,81,false
344,N. Lodeiro,Marcelo Nicolás Lodeiro Benítez,80,32,1989-03-21,170,69,false
345,M. Benatia,Medhi Amine El Mouttaqi Benatia,80,34,1987-04-17,189,94,false
346,Pozuelo,Alejandro Pozuelo Melero,80,29,1991-09-20,170,63,false
347,Sérgio Oliveira,Sérgio Miguel Relvas de Oliveira,80,29,1992-06-02,181,78,false
348,Q. Promes,Quincy Anton Promes,80,29,1992-01-04,174,72,false
349,J. Martínez,Josef Alexander Martínez Mencia,80,28,1993-05-19,170,69,false
350,Roger,Roger Martí Salvador,80,30,1991-01-03,179,74,false
351,M. Keane,Michael Keane,80,28,1993-01-11,191,82,false
352,E. Andrada,Esteban Maximiliano Andrada,80,30,1991-01-26,194,83,false
353,S. Haller,Sébastien Haller,80,27,1994-06-22,190,82,false
354,T. Savanier,Téji Tedy Savanier,80,29,1991-12-22,172,69,false
355,F. Thauvin,Florian Tristan Mariano Thauvin,80,28,1993-01-26,179,70,false
356,E. Zahavi,Eran Zahavi,80,33,1987-07-25,182,71,false
357,Z. Feddal,Zouhair Feddal Agharbi,80,31,1989-12-23,192,84,false
358,A. Mandi,Aïssa Mandi,80,29,1991-10-22,184,78,false
359,C. Bakambu,Cédric Bakambu,80,30,1991-04-11,182,74,false
360,C. Aránguiz,Charles Mariano Aránguiz Sandoval,80,32,1989-04-17,171,68,false
361,Bartra,Marc Bartra Aregall,80,30,1991-01-15,184,73,false
362,Ismaily,Ismaily Gonçalves dos Santos,80,31,1990-01-11,177,86,false
363,João Pedro,João Pedro Geraldino dos Santos Galvão,80,29,1992-03-09,184,73,false
364,M. Hinteregger,Martin Hinteregger,80,28,1992-09-07,184,83,false
365,G. Arias,Gabriel Arias Arroyo,79,33,1987-09-13,188,82,false
366,R. Bensebaini,Ramy Bensebaini,79,26,1995-04-16,186,82,false
367,U. Çakır,Uğurcan Çakır,79,25,1996-04-05,191,82,false
368,A. Golovin,Aleksandr Golovin,79,25,1996-05-30,180,69,false
369,E. Buendía,Emiliano Buendía,79,24,1996-12-25,172,65,false
370,Aritz Elustondo,Aritz Elustondo Irribaria,79,27,1994-03-28,180,71,false
371,M. Thuram,Marcus Lilian Thuram-Ulien,79,23,1997-08-06,192,88,false
372,Pablo Fornals,Pablo Fornals Malla,79,25,1996-02-22,178,67,false
373,Ricardo Horta,Ricardo Jorge da Luz Horta,79,26,1994-09-15,173,63,false
374,D. Sánchez,Davinson Sánchez Mina,79,25,1996-06-12,187,79,false
375,K. Dolberg,Kasper Dolberg Rasmussen,79,23,1997-10-06,187,84,false
376,V. Grifo,Vincenzo Grifo,79,28,1993-04-07,180,76,false
377,P. Onuachu,Paul Ebere Onuachu,79,27,1994-05-28,201,93,false
378,José Sá,José Pedro Malheiro de Sá,79,28,1993-01-17,192,84,false
379,M. Uribe,Andrés Mateus Uribe Villa,79,30,1991-03-21,182,71,false
380,A. Izzo,Armando Izzo,79,29,1992-03-02,183,81,false
381,D. Zappacosta,Davide Zappacosta,79,29,1992-06-11,182,75,false
382,A. Saint-Maximin,Allan Saint-Maximin,79,24,1997-03-12,173,67,false
383,Paulinho,João Paulo Dias Fernandes,79,28,1992-11-09,188,84,false
384,M. Dahoud,Mahmoud Dahoud,79,25,1996-01-01,178,68,false
385,H. Traoré,Hamari Traoré,79,29,1992-01-27,175,71,false
386,C. Gakpo,Cody Mathès Gakpo,79,22,1999-05-07,189,76,false
387,Ronaldo Esler,Ronaldo Diego Esler Domingues,79,21,2000-02-29,168,65,false
388,M. Taremi,Mehdi Taremi,79,28,1992-07-18,187,83,false
389,E. Bardhi,Enis Bardhi,79,25,1995-07-02,172,64,false
390,A. Tchouaméni,Aurélien Tchouaméni,79,21,2000-01-27,187,81,false
391,Emerson,Emerson Aparecido Leite de Souza Junior,79,22,1999-01-14,181,79,false
392,Bruno Guimarães,Bruno Guimarães Rodriguez Moura,79,23,1997-11-16,182,78,false
393,S. Botman,Sven Botman,79,21,2000-01-12,193,81,false
394,J. Bellingham,Jude Victor William Bellingham,79,18,2003-06-29,186,75,false
395,Antony,Antony Matheus dos Santos,79,21,2000-02-24,174,63,false
396,O. Wijndal,Owen Wijndal,79,21,1999-11-28,176,65,false
397,M. Senesi,Marcos Nicolás Senesi Barón,79,24,1997-05-10,183,78,false
398,Y. Bissouma,Yves Bissouma,79,24,1996-08-30,182,80,false
399,Gabri Prestão,Bernard Gabriel Prestão Chaves,79,29,1992-02-29,186,80,false
400,Luimo Boas Santos,Luan Vágner Boas Macedo,79,21,2000-02-29,176,73,false
401,M. Arambarri,Mauro Wilney Arambarri Rosa,79,25,1995-09-30,175,74,false
402,D. Kamada,鎌田 大地,79,24,1996-08-05,184,76,false
403,P. Schick,Patrik Schick,79,25,1996-01-24,191,85,false
404,J. Ikoné,Nanitamo Jonathan Ikoné,79,23,1998-05-02,175,73,false
405,G. Kobel,Gregor Kobel,79,23,1997-12-06,195,88,false
406,Lucas Veríssimo,Lucas Veríssimo da Silva,79,25,1995-07-02,188,77,false
407,K. Demirbay,Kerem Demirbay,79,27,1993-07-03,183,73,false
408,L. Martínez,Lisandro Martínez,79,23,1998-01-18,178,77,false
409,Rubén García,Rubén García Santos,79,27,1993-07-14,171,71,false
410,Gao Late,高拉特,79,30,1991-06-05,185,78,false
411,M. Antonio,Michail Antonio,79,31,1990-03-28,178,82,false
412,M. Silvestri,Marco Silvestri,79,30,1991-03-02,191,80,false
413,C. Wood,Christopher Grant Wood,79,29,1991-12-07,191,92,false
414,A. Cresswell,Aaron Cresswell,79,31,1989-12-15,175,66,false
415,Ai Kesen,艾克森,79,31,1989-07-13,180,77,false
416,Marcos Alonso,Marcos Alonso Mendoza,79,30,1990-12-28,188,85,false
417,Mario Gaspar,Mario Gaspar Pérez Martínez,79,30,1990-11-24,180,77,false
418,L. Rodríguez,Luis Miguel Rodríguez,79,36,1985-01-01,168,71,false
419,X. Shaqiri,Xherdan Shaqiri,79,29,1991-10-10,169,72,false
420,Y. El Arabi,Youssef El Arabi,79,34,1987-02-03,182,84,false
421,B. Mee,Ben Mee,79,31,1989-09-21,180,82,false
422,C. Wilson,Callum Wilson,79,29,1992-02-27,180,66,false
423,A. Candreva,Antonio Candreva,79,34,1987-02-28,180,70,false
424,C. Mbemba,Chancel Mbemba Mangulu,79,26,1994-08-08,182,82,false
425,F. Ribéry,Franck Bilal Ribéry,79,38,1983-04-07,170,72,false
426,B. Costil,Benoît Costil,79,33,1987-07-03,187,82,false
427,B. Gomis,Bafétimbi Fredius Gomis,79,35,1985-08-06,186,86,false
428,M. Dembélé,Mousa Sidi Yaya Dembélé,79,33,1987-07-16,185,85,false
429,B. Matuidi,Blaise Matuidi,79,34,1987-04-09,180,75,false
430,D. Ospina,David Ospina Ramírez,79,32,1988-08-31,183,80,false
431,M. Suárez,Matías Ezequiel Suárez,79,33,1988-05-09,183,75,false
432,M. Özil,Mesut Özil,79,32,1988-10-15,180,71,false
433,N. Guzmán,Nahuel Ignacio Guzmán,79,35,1986-02-10,193,94,false
434,O. Giroud,Olivier Giroud,79,34,1986-09-30,193,91,false
435,Y. M'Vila,Yann Gérard M'Vila,79,31,1990-06-29,182,80,false
436,Rafael Carioca,Rafael de Souza Pereira,79,32,1989-06-18,181,78,false
437,Iniesta,Andrés Iniesta Luján,79,37,1984-05-11,171,68,false
438,Germán,Germán Sánchez Barahona,79,34,1986-10-31,187,82,false
439,R. Ruidíaz,Raúl Mario Ruidíaz Misitich,79,30,1990-07-25,169,66,false
440,T. Stepanenko,Taras Stepanenko,79,31,1989-08-08,181,80,false
441,A. Plea,Alassane Alexandre Pléa,79,28,1993-03-10,181,79,false
442,Manu Trigueros,Manuel Trigueros Muñoz,79,29,1991-10-17,178,75,false
443,C. Günter,Christian Günter,79,28,1993-02-28,184,83,false
444,De Tomás,Raúl De Tomás Gómez,79,26,1994-10-17,180,79,false
445,J. Hofmann,Jonas Hofmann,79,28,1992-07-14,176,73,false
446,J. Quintero,Juan Fernando Quintero Paniagua,79,28,1993-01-18,169,65,false
447,K. Mbabu,Melingo Kevin Mbabu,79,26,1995-04-19,184,83,false
448,Matheus,Matheus Lima Magalhães,79,28,1992-07-19,190,84,false
449,C. Kramer,Christoph Kramer,79,30,1991-02-19,191,76,false
450,C. Coady,Conor Coady,79,28,1993-02-25,186,80,false
451,D. Klaassen,Davy Klaassen,79,28,1993-02-21,179,70,false
452,G. Xhaka,Granit Xhaka,79,28,1992-09-27,185,82,false
453,Deulofeu,Gerard Deulofeu Lázaro,79,27,1994-03-13,177,73,false
454,E. Dier,Eric Dier,79,27,1994-01-15,190,90,false
455,A. Carrillo,André Martín Carrillo Díaz,79,30,1991-06-14,182,78,false
456,M. Cash,Matty Cash,78,23,1997-08-07,179,74,false
457,Gelson Martins,Gelson Dany Batalha Martins,78,26,1995-05-11,173,74,false
458,A. Fulgini,Angelo Fulgini,78,24,1996-08-20,183,71,false
459,G. Rodríguez,Guido Rodríguez,78,26,1995-04-11,185,80,false
460,E. Konsa,Ezri Konsa Ngoyo,78,23,1997-10-23,183,77,false
461,Antônio Chiamuloira,A. Benjamin Chiamuloira Paes,78,21,2000-02-29,182,79,false
462,F. Grillitsch,Florian Grillitsch,78,25,1995-08-07,187,77,false
463,E. Audero,Emil Audero Mulyadi,78,24,1997-01-18,192,83,false
464,Gerson Armão,Gérson Adriano Gutierres Serra,78,21,2000-02-29,186,73,false
465,Wellington Sabrão,Wellingt. Edson Sabrão Rolim,78,33,1988-02-29,169,66,false
466,Vincente Dourado,Vincente Filho Dourado Hermes,78,25,1996-02-29,190,88,false
467,Everticinho,Everton Jorge Simão Resende,78,21,2000-02-29,176,75,false
468,Dani García,Daniel García Carrillo,78,31,1990-05-24,180,81,false
469,Sergio Herrera,Sergio Herrera Pirón,78,28,1993-06-06,192,82,false
470,Arturo Inálcio,Arturo Adolfo Inálcio Dutra,78,21,2000-02-29,170,60,false
471,B. Bourigeaud,Benjamin Bourigeaud,78,27,1994-01-14,178,68,false
472,C. Izquierdoz,Carlos Roberto Izquierdoz,78,32,1988-11-03,185,88,false
473,Ayoze Pérez,Ayoze Pérez Gutiérrez,78,27,1993-07-29,178,72,false
474,S. Fofana,Seko Fofana,78,26,1995-05-07,185,74,false
475,Álex Moreno,Alexandre Moreno Lopera,78,28,1993-06-08,179,68,false
476,S. Gigot,Samuel Gigot,78,27,1993-10-12,187,83,false
477,L. Ajorque,Ludovic Ajorque,78,27,1994-02-25,197,92,false
478,B. Santamaria,Baptiste Santamaría,78,26,1995-03-09,183,73,false
479,R. Borré,Rafael Santos Borré Maury,78,25,1995-09-15,174,70,false
480,L. Olaza,Lucas René Olaza Catrofe,78,26,1994-07-21,175,70,false
481,M. Friedrich,Marvin Friedrich,78,25,1995-12-13,192,81,false
482,R. Karsdorp,Rick Karsdorp,78,26,1995-02-11,184,80,false
483,Á. Mena,Ángel Israel Mena Delgado,78,33,1988-01-21,168,71,false
484,Puado,Javier Puado Díaz,78,23,1998-05-25,177,69,false
485,Fredditinho,Fred Claudinei Tófoli Vilela,78,33,1988-02-29,188,87,false
486,N. De la Cruz,Diego Nicolás De La Cruz Arcosa,78,24,1997-06-01,167,65,false
487,Junior Firpo,Héctor Junior Firpo Adamés,78,24,1996-08-22,184,78,false
488,P. Rajković,Predrag Rajković,78,25,1995-10-31,191,85,false
489,C. Baumgartner,Christoph Baumgartner,78,21,1999-08-01,180,73,false
490,Luis Milla,Luis Milla Manzanares,78,26,1994-10-07,175,67,false
491,De Frutos,Jorge de Frutos Sebastián,78,24,1997-02-20,176,71,false
492,J. David,Jonathan Christian David,78,21,2000-01-14,177,77,false
493,Jovane Cabral,Jovane Eduardo Borges Cabral,78,23,1998-06-14,176,72,false
494,O. Kolář,Ondřej Kolář,78,26,1994-10-17,193,81,false
495,Adama Traoré,Adama Traoré Diarra,78,25,1996-01-25,178,72,false
496,Y. Fofana,Youssouf Fofana,78,22,1999-01-10,176,69,false
497,R. Gravenberch,Ryan Jiro Gravenberch,78,19,2002-05-16,190,79,false
498,M. Greenwood,Mason Greenwood,78,19,2001-10-01,181,70,false
499,M. Caqueret,Maxence Caqueret,78,21,2000-02-15,174,63,false
500,F. Wirtz,Florian Richard Wirtz,78,18,2003-05-03,176,70,false
501,A. Gouiri,Amine Gouiri,78,21,2000-02-16,180,72,false
502,Brahim,Brahim Abdelkader Díaz,78,21,1999-08-03,171,59,false
503,A. Lafont,Alban Lafont,78,22,1999-01-23,196,90,false
504,J. Harrison,Jack Harrison,78,24,1996-11-20,175,70,false
505,W. Endo,遠藤 航,78,28,1993-02-09,178,76,false
506,R. Le Normand,Robin Le Normand,78,24,1996-11-11,187,81,false
507,Y. Herrera,Yangel Clemente Herrera Ravelo,78,23,1998-01-07,184,77,false
508,Domingos Duarte,Domingos Sousa Coutinho Meneses Duarte,78,26,1995-03-03,190,78,false
509,I. Sarr,Ismaïla Sarr,78,23,1998-02-25,185,76,false
510,Luiz Felipe,Luiz Felipe Ramos Marchi,78,24,1997-03-22,187,80,false
511,A. Barák,Antonín Barák,78,26,1994-12-03,190,86,false
512,N. Zaniolo,Nicolò Zaniolo,78,21,1999-07-02,190,79,false
513,N. Lang,Noa Noëll Lang,78,22,1999-06-17,179,69,false
514,F. Fabra,Frank Yusty Fabra Palacios,78,30,1991-02-22,174,86,false
515,A. Westwood,Ashley Westwood,78,31,1990-04-01,175,73,false
516,M. Sissoko,Moussa Sissoko,78,31,1989-08-16,187,91,false
517,G. Kakuta,Gaël Kakuta,78,30,1991-06-21,173,72,false
518,C. Kouyaté,Cheikhou Kouyaté,78,31,1989-12-21,189,83,false
519,F. Caputo,Francesco Caputo,78,33,1987-08-06,181,74,false
520,G. Bonaventura,Giacomo Bonaventura,78,31,1989-08-22,181,75,false
521,Pedro,Pedro Eliezer Rodríguez Ledesma,78,33,1987-07-28,169,65,false
522,S. Coleman,Séamus Coleman,78,32,1988-10-11,177,77,false
523,L. Rodríguez,Luis Alfonso Rodríguez Alanís,78,30,1991-01-21,177,76,false
524,Escudero,Sergio Escudero Palomo,78,31,1989-09-02,176,72,false
525,R. Soriano,Roberto Soriano,78,30,1991-02-08,182,76,false
526,H. Seferović,Haris Seferović,78,29,1992-02-22,189,85,false
527,R. Vormer,Ruud Willem Vormer,78,33,1988-05-11,178,79,false
528,A. Guardado,José Andrés Guardado Hernández,78,34,1986-09-28,169,67,false
529,Pepe Reina,José Manuel Reina Páez,78,38,1982-08-31,188,92,false
530,Negredo,Álvaro Negredo Sánchez,78,35,1985-08-20,186,86,false
531,A. Talavera,Alfredo Talavera Díaz,78,38,1982-09-18,186,85,false
532,F. Quagliarella,Fabio Quagliarella,78,38,1983-01-31,180,79,false
533,L. Koscielny,Laurent Koscielny,78,35,1985-09-10,186,80,false
534,Falcao,Radamel Falcao García Zárate,78,35,1986-02-10,177,72,false
535,V. Moses,Victor Moses,78,30,1990-12-12,177,79,false
536,C. Ansaldi,Cristian Daniel Ansaldi,78,34,1986-09-20,181,76,false
537,K. Boateng,Kevin-Prince Boateng,78,34,1987-03-06,185,86,false
538,Pedro León,Pedro León Sánchez Gil,78,34,1986-11-24,183,73,false
539,A. Oukidja,Alexandre Oukidja,78,32,1988-07-19,184,80,false
540,Miguel Veloso,Miguel Luís Pinto Veloso,78,35,1986-05-11,180,79,false
541,J. Hernández,Javier Hernández Balcázar,78,33,1988-06-01,175,73,false
542,Víctor Ruiz,Víctor Ruíz Torre,78,32,1989-01-25,185,78,false
543,Ángel,Ángel Luís Rodríguez Díaz,78,34,1987-04-26,172,68,false
544,Fransérgio,Fransérgio Rodrigues Barbosa,78,30,1990-10-18,187,82,false
545,R. Steffen,Renato Steffen,78,29,1991-11-03,170,65,false
546,B. Cristante,Bryan Cristante,78,26,1995-03-03,186,80,false
547,R. Saïss,Romain Saïss,78,31,1990-03-26,188,84,false
548,J. Hector,Jonas Hector,78,31,1990-05-27,185,75,false
549,Clinton Mata,Clinton Mukoni Mata Pedro Lourenço,78,28,1992-11-07,180,73,false
550,F. Mollet,Florent Mollet,78,29,1991-11-19,170,67,false
551,R. Ghezzal,Rachid Ghezzal,78,29,1992-05-09,182,70,false
552,P. Bamford,Patrick Bamford,78,27,1993-09-05,185,71,false
553,J. McGinn,John McGinn,78,26,1994-10-18,178,68,false
554,Carles Gil,Carles Gil de Pareja Vicent,78,28,1992-11-02,170,66,false
555,M. Dembélé,Moussa Dembélé,78,24,1996-07-12,183,79,false
556,N. Stanciu,Nicolae Claudiu Stanciu,78,28,1993-05-07,170,63,false
557,T. Mings,Tyrone Mings,78,28,1993-03-13,196,77,false
558,R. Zobnin,Roman Zobnin,78,27,1994-02-11,182,78,false
559,D. Boyata,Anga Dedryck Boyata,78,30,1990-11-28,188,84,false
560,J. Tah,Jonathan Tah,78,25,1996-02-11,195,98,false
561,Moi Gómez,Moisés Gómez Bordonado,78,27,1994-06-23,176,73,false
562,Emerson,Emerson Palmieri dos Santos,78,26,1994-08-03,176,79,false
563,D. Sidibé,Djibril Sidibé,78,28,1992-07-29,182,71,false
564,J. Svensson,Jonas Svensson,78,28,1993-03-06,170,70,false
565,F. Midtsjø,Fredrik Midtsjø,78,27,1993-08-11,176,70,false
566,S. Sosa,Carlos Sebastián Sosa Silva,78,34,1986-08-19,179,79,false
567,D. Vida,Domagoj Vida,78,32,1989-04-29,184,76,false
568,L. Dunk,Lewis Dunk,78,29,1991-11-21,192,88,false
569,H. Vanaken,Hans Vanaken,78,28,1992-08-24,195,80,false
570,S. Ortega,Stefan Ortega Moreno,78,28,1992-11-06,185,88,false
571,Felipe Anderson,Felipe Anderson Pereira Gomes,78,28,1993-04-15,175,70,false
572,J. Vestergaard,Jannik Vestergaard,78,28,1992-08-03,199,96,false
573,P. Kadeřábek,Pavel Kadeřábek,78,29,1992-04-25,182,81,false
574,Héctor Bellerín,Héctor Bellerín Moruno,78,26,1995-03-19,178,74,false
575,D. Suárez,Damián Nicolás Suárez Suárez,78,33,1988-04-27,173,68,false
576,J. Brooks,John Anthony Brooks,78,28,1993-01-28,193,78,false
577,Denis Suárez,Denis Suárez Fernández,78,27,1994-01-06,178,66,false
578,Mário Rui,Mário Rui Silva Duarte,78,30,1991-05-27,170,67,false
579,Sidney Pessinho,Sidney Adrián Pessoa Vidigal,77,29,1992-02-29,187,85,false
580,Nuno Padrenda,Nuno Ailton Padrenda Mendes,77,25,1996-02-29,180,75,false
581,Vieirundinho,Danilo Manuel Vieira Espíndola,77,33,1988-02-29,189,84,false
582,Alexo Baia,Alessandro Baia Marques,77,33,1988-02-29,175,71,false
583,Enzo Chissano,Enzo Leandro Chissano Baia,77,29,1992-02-29,165,62,false
584,Claudio Coíntra,Claudio Nuno Coíntra Calegari,77,25,1996-02-29,174,71,false
585,N. Nández,Nahitan Michel Nández Acosta,77,25,1995-12-28,172,70,false
586,M. Almirón,Miguel Ángel Almirón Rejala,77,27,1994-02-10,174,70,false
587,L. Blas,Ludovic Blas,77,23,1997-12-31,180,70,false
588,R. Perraud,Romain Perraud,77,23,1997-09-22,173,68,false
589,J. Bijlow,Justin Bijlow,77,23,1998-01-22,188,76,false
590,F. Centonze,Fabien Centonze,77,25,1996-01-16,182,75,false
591,J. Ito,伊东 纯也,77,28,1993-03-09,176,66,false
592,Fábio Martins,Fábio Santos Martins,77,27,1993-07-24,180,72,false
593,G. Castrovilli,Gaetano Castrovilli,77,24,1997-02-17,179,72,false
594,O. Pineda,Orbelín Pineda Alvarado,77,25,1996-03-24,169,63,false
595,J. Boga,Jérémie Boga,77,24,1997-01-03,174,72,false
596,J. Larsson,Carl Henrik Jordan Larsson,77,24,1997-06-20,175,68,false
597,J. Andersen,Joachim Christian Andersen,77,25,1996-05-31,192,90,false
598,P. Bernardoni,Paul Jean François Bernardoni,77,24,1997-04-18,190,78,false
599,J. Omlin,Jonas Omlin,77,27,1994-01-10,189,80,false
600,G. Dzhikiya,Georgiy Dzhikiya,77,27,1993-11-21,188,86,false
601,Z. Ferhat,Zinedine Ferhat,77,28,1993-03-01,183,70,false
602,Unai López,Unai López Cabrera,77,25,1995-10-30,170,69,false
603,M. Holgate,Mason Holgate,77,24,1996-10-22,184,75,false
604,E. Skhiri,Ellyes Joris Skhiri,77,26,1995-05-10,185,73,false
605,Rubén Duarte,Rubén Duarte Sánchez,77,25,1995-10-18,180,75,false
606,A. Rossi,Agustín Daniel Rossi,77,25,1995-08-21,195,95,false
607,B. Romero,Braian Ezequiel Romero,77,30,1991-06-15,178,73,false
608,M. Marega,Moussa Marega,77,30,1991-04-14,183,83,false
609,Pedraza,Alfonso Pedraza Sag,77,25,1996-04-09,184,73,false
610,M. Rashica,Milot Rashica,77,25,1996-06-28,177,73,false
611,Y. Soteldo,Yeferson Julio Soteldo Martínez,77,24,1997-06-30,158,55,false
612,L. Romo,Luis Francisco Romo Barrón,77,26,1995-06-05,182,84,false
613,A. Bayındır,Altay Bayındır,77,23,1998-04-14,198,73,false
614,B. Sosa,Borna Sosa,77,23,1998-01-21,187,79,false
615,D. McNeil,Dwight McNeil,77,21,1999-11-22,183,70,false
616,I. Meslier,Illan Meslier,77,21,2000-03-02,196,74,false
617,E. Reynoso,Emanuel Reynoso,77,25,1995-11-16,176,67,false
618,A. Nwakaeme,Anthony Nuatuzor Nwakaeme,77,32,1989-03-21,185,80,false
619,M. Damsgaard,Mikkel Krogh Damsgaard,77,20,2000-07-03,180,71,false
620,S. Tonali,Sandro Tonali,77,21,2000-05-08,181,79,false
621,Gorosabel,Andoni Gorosabel Espinosa,77,24,1996-08-04,174,70,false
622,L. Suárez,Luis Javier Suárez Charris,77,23,1997-12-02,185,74,false
623,G. Reyna,Giovanni Alejandro Reyna,77,18,2002-11-13,185,79,false
624,Arthur Cabral,Arthur Mendonça Cabral,77,23,1998-04-25,186,89,false
625,J. Doku,Jérémy Doku,77,19,2002-05-27,171,60,false
626,Ibañez,Roger Ibañez Da Silva,77,22,1998-11-23,185,73,false
627,T. Holeš,Tomáš Holeš,77,28,1993-03-31,180,73,false
628,S. Weissman,Shon Zalman Weissman,77,25,1996-02-14,174,79,false
629,A. Musrati,Almoatasembellah Ali Mohamed Al musrati,77,25,1996-04-06,189,83,false
630,J. Veerman,Joey Veerman,77,22,1998-11-19,185,75,false
631,N. Madueke,Chukwunonso Tristan Madueke,77,19,2002-03-10,182,70,false
632,M. Oršić,Mislav Oršić,77,28,1992-12-29,179,69,false
633,N. González,Nicolás Iván González,77,23,1998-04-06,180,72,false
634,V. Rosier,Valentin André Henri Rosier,77,24,1996-08-19,175,75,false
635,Salvi Sánchez,Salvador Sánchez Ponce,77,30,1991-03-30,175,64,false
636,F. Müller,Florian Müller,77,23,1997-11-13,190,88,false
637,I. Sangaré,Ibrahim Sangaré,77,23,1997-12-02,191,77,false
638,E. Álvarez,Edson Omar Álvarez Velázquez,77,23,1997-10-24,187,73,false
639,C. Ünder,Cengiz Ünder,77,23,1997-07-14,173,66,false
640,F. Bustos,Fabricio Bustos Sein,77,25,1996-04-28,167,66,false
641,Douglas Luiz,Douglas Luiz Soares de Paulo,77,23,1998-05-09,175,66,false
642,F. Gorriarán,Fernando Gorriarán Fontes,77,26,1994-11-27,168,68,false
643,C. Stengs,Calvin Stengs,77,22,1998-12-18,187,68,false
644,D. Szoboszlai,Dominik Szoboszlai,77,20,2000-10-25,186,74,false
645,M. Terrier,Martin Terrier,77,24,1997-03-04,184,73,false
646,M. Camara,Mohamed Mady Camara,77,24,1997-02-28,182,75,false
647,T. Malacia,Tyrell Malacia,77,21,1999-08-17,169,67,false
648,Wilson Manafá,Wilson Miguéis Manafá Jancó,77,26,1994-07-23,177,69,false
649,J. Clauss,Jonathan Clauss,77,28,1992-09-25,178,67,false
650,Galeno,Wenderson Rodrigues do Nascimento Galeno,77,23,1997-10-22,179,62,false
651,J. Lascelles,Jamaal Lascelles,77,27,1993-11-11,188,83,false
